{
	"class_name" : "PinholeCameraParameters",
	"extrinsic" : 
	[
		0.94032286349121597,
		-0.32619529620126919,
		0.096899644642518309,
		0.0,
		0.33720868995661069,
		0.93144183919389334,
		-0.13677134062676988,
		0.0,
		-0.04564221525546807,
		0.16128462088886147,
		0.985851945908365,
		0.0,
		0.0013273465367203974,
		0.00088790990268516889,
		2.4721689705370009,
		1.0
	],
	"intrinsic" : 
	{
		"height" : 2019,
		"intrinsic_matrix" : 
		[
			1748.5052902407817,
			0.0,
			0.0,
			0.0,
			1748.5052902407817,
			0.0,
			1919.5,
			1009.0,
			1.0
		],
		"width" : 3840
	},
	"version_major" : 1,
	"version_minor" : 0
}