{
	"class_name" : "PinholeCameraParameters",
	"extrinsic" : 
	[
		0.54393549906329408,
		-0.0072185501597565862,
		-0.83909598103694694,
		0.0,
		0.76261034741209821,
		-0.41293370363624321,
		0.49790683307347167,
		0.0,
		-0.35008517660529975,
		-0.91073247934552459,
		-0.2191043591222907,
		0.0,
		0.0014977330498918695,
		-0.00053793105614841075,
		9.1824960736784078,
		1.0
	],
	"intrinsic" : 
	{
		"height" : 2019,
		"intrinsic_matrix" : 
		[
			1748.5052902407817,
			0.0,
			0.0,
			0.0,
			1748.5052902407817,
			0.0,
			1919.5,
			1009.0,
			1.0
		],
		"width" : 3840
	},
	"version_major" : 1,
	"version_minor" : 0
}